city,lat,lng,Max Temp,Humidity,Cloudiness,Wind Speed,Date,Country
shakawe,-18.37,21.85,96.21,14,73,3.44,1603901952,BW
cape town,-33.93,18.42,62.8,67,20,19.46,1603901700,ZA
vytegra,61.01,36.45,45.52,84,30,8.1,1603901947,RU
husavik,66.04,-17.34,41.0,75,75,16.11,1603901953,IS
brewster,41.4,-73.62,47.95,100,90,4.7,1603901787,US
geraldton,-28.77,114.6,64.4,72,0,12.75,1603901886,AU
dubbo,-32.25,148.62,48.2,87,10,2.24,1603901953,AU
port hardy,50.7,-127.42,48.2,100,75,6.93,1603901893,CA
bundaberg,-24.85,152.35,69.62,94,2,4.7,1603901953,AU
codrington,-38.27,141.97,47.82,93,36,5.84,1603901928,AU
chengde,40.97,117.94,42.75,51,100,2.95,1603901953,CN
rikitea,-23.12,-134.97,74.5,83,99,14.07,1603901953,PF
xiaoshi,41.3,124.12,26.6,73,0,2.24,1603901953,CN
lavras,-21.25,-45.0,84.61,43,9,9.93,1603901892,BR
mwanza,-2.52,32.9,80.6,54,75,11.41,1603901925,TZ
mar del plata,-38.0,-57.56,62.92,63,0,9.17,1603901880,AR
atuona,-9.8,-139.03,77.25,76,30,20.33,1603901716,PF
ushuaia,-54.8,-68.3,42.8,56,40,13.87,1603901954,AR
busselton,-33.65,115.33,54.01,47,0,13.04,1603901954,AU
te anau,-45.42,167.72,44.98,90,79,1.97,1603901899,NZ
samana,19.21,-69.34,84.2,74,40,4.7,1603901954,DO
mataura,-46.19,168.86,48.0,90,92,3.0,1603901859,NZ
saint-ambroise,48.55,-71.33,28.4,74,90,9.17,1603901954,CA
punta arenas,-53.15,-70.92,48.09,49,75,34.45,1603901859,CL
san quintin,30.48,-115.95,67.96,23,0,3.96,1603901955,MX
butaritari,3.07,172.79,80.44,68,43,1.39,1603901873,KI
meulaboh,4.14,96.13,78.06,83,100,2.26,1603901879,ID
kudahuvadhoo,2.67,72.89,83.64,75,89,12.3,1603901955,MV
torbay,47.67,-52.73,38.34,93,90,12.75,1603901861,CA
vitoria da conquista,-14.87,-40.84,78.6,74,93,4.0,1603901924,BR
koungou,-12.73,45.2,80.6,78,90,3.36,1603901955,YT
kualakapuas,-3.01,114.39,76.05,94,86,2.46,1603901955,ID
vardo,70.37,31.11,37.4,86,75,12.75,1603901925,NO
saint george,37.1,-113.58,50.05,26,1,4.7,1603901770,US
avarua,-21.21,-159.78,69.8,88,53,5.82,1603901955,CK
vaini,-21.2,-175.2,71.6,83,20,8.05,1603901854,TO
ambon,-3.7,128.18,81.0,94,100,7.2,1603901857,ID
bilma,18.69,12.92,86.18,13,0,6.06,1603901956,NE
carauari,-4.88,-66.9,95.02,47,99,2.77,1603901894,BR
callaway,30.15,-85.57,83.17,78,90,20.8,1603901956,US
quatre cocos,-20.21,57.76,73.99,74,92,5.99,1603901956,MU
bondo,3.81,23.69,74.84,93,94,5.41,1603901956,CD
hermanus,-34.42,19.23,66.0,61,91,8.01,1603901880,ZA
hobart,-42.88,147.33,50.0,87,90,2.24,1603901838,AU
yulara,-25.24,130.99,75.2,13,0,11.41,1603901956,AU
nikolskoye,59.7,30.79,46.47,81,40,2.24,1603901869,RU
akot,21.1,77.06,73.99,45,0,3.69,1603901956,IN
mahebourg,-20.41,57.7,73.99,74,96,5.99,1603901885,MU
barra do corda,-5.5,-45.25,100.11,34,73,3.91,1603901956,BR
tiksi,71.69,128.87,0.3,90,99,22.79,1603901871,RU
tasiilaq,65.61,-37.64,37.4,27,75,19.46,1603901887,GL
cidreira,-30.18,-50.21,69.28,77,98,14.38,1603901906,BR
tall kayf,37.08,41.07,71.71,21,100,2.91,1603902017,TR
gazanjyk,39.24,55.52,51.55,41,0,18.32,1603902017,TM
oltu,40.55,42.0,60.69,33,0,3.36,1603902017,TR
gat,31.61,34.76,75.87,100,79,4.0,1603901900,IL
buraydah,26.33,43.98,82.4,20,0,3.36,1603901898,SA
kota bahru,6.13,102.24,78.46,90,100,4.07,1603901855,MY
glendive,47.11,-104.71,38.14,86,90,4.7,1603902017,US
salalah,17.02,54.09,82.4,78,40,10.29,1603901708,OM
ribeira grande,38.52,-28.7,68.0,68,75,10.29,1603901863,PT
yumen,40.28,97.2,37.85,70,0,6.38,1603902018,CN
castro,-24.79,-50.01,80.22,32,0,9.4,1603901618,BR
tabou,4.42,-7.35,81.19,78,38,7.18,1603902018,CI
flinders,-34.58,150.86,59.18,88,100,1.01,1603901925,AU
russell,32.35,-85.2,75.7,83,90,8.05,1603901899,US
volsk,52.03,47.38,36.1,78,0,5.14,1603902018,RU
sinnamary,5.38,-52.95,87.51,62,6,13.09,1603902018,GF
qiongshan,20.01,110.35,77.0,100,75,22.37,1603902018,CN
hervey bay,-25.3,152.85,75.0,89,18,4.0,1603901870,AU
esperance,-33.87,121.9,51.8,87,0,8.05,1603901898,AU
ayorou,14.73,0.92,97.54,8,0,7.16,1603902018,NE
port alfred,-33.59,26.89,67.86,81,76,6.89,1603901861,ZA
saint-pierre,-21.34,55.48,67.44,73,0,17.22,1603901923,RE
roma,43.21,-75.46,44.96,93,90,5.48,1603901890,US
umm lajj,25.02,37.27,83.26,51,0,8.57,1603902019,SA
albany,42.6,-73.97,46.62,90,100,1.3,1603901813,US
erzin,36.96,36.2,77.0,67,20,4.23,1603902019,TR
nyurba,63.28,118.33,6.53,94,9,4.56,1603901908,RU
faya,18.39,42.45,69.8,14,20,11.41,1603902019,SA
ingham,42.6,-84.38,43.5,62,1,9.17,1603901788,US
williams lake,52.14,-122.14,32.0,92,90,5.82,1603901916,CA
ahipara,-35.17,173.17,59.29,90,43,3.02,1603901897,NZ
comodoro rivadavia,-45.87,-67.5,59.0,38,40,10.29,1603902019,AR
dikson,73.51,80.55,4.21,93,23,21.9,1603901903,RU
akcakoca,41.09,31.12,65.59,86,94,3.38,1603902019,TR
malatya,38.5,38.0,60.8,48,75,4.7,1603902019,TR
qaanaaq,77.48,-69.36,11.71,80,99,12.26,1603901716,GL
usinsk,65.99,57.53,35.62,98,100,17.85,1603902020,RU
loukhi,66.08,33.04,40.66,90,86,9.86,1603902020,RU
ordzhonikidze,52.44,61.74,31.98,92,22,6.96,1603902020,KZ
georgetown,5.41,100.34,80.31,83,20,5.79,1603901690,MY
atar,20.52,-13.05,94.57,13,100,15.08,1603901871,MR
puerto maldonado,-12.6,-69.18,78.8,78,75,4.7,1603902020,PE
qom,34.64,50.88,63.79,28,0,8.52,1603902020,IR
provideniya,64.38,-173.3,24.62,89,45,4.59,1603901876,RU
iqaluit,63.75,-68.51,17.6,61,90,9.17,1603901888,CA
kamenka,51.32,42.77,36.0,51,0,10.33,1603902020,RU
khatanga,71.97,102.5,-2.72,91,40,3.4,1603901860,RU
guerrero negro,27.98,-114.06,64.44,29,0,1.14,1603901755,MX
nueve de julio,-35.44,-60.88,52.0,93,100,5.01,1603902021,AR
nago,26.59,127.98,66.2,88,1,5.82,1603902021,JP
homer,59.64,-151.55,29.37,86,1,4.7,1603902021,US
shizunai,42.33,142.37,53.37,81,96,16.28,1603902020,JP
hilo,19.73,-155.09,69.37,83,75,1.7,1603902021,US
bayanday,53.07,105.51,30.09,93,20,4.74,1603902021,RU
mao,39.89,4.27,66.2,63,0,5.82,1603902081,ES
carnarvon,-24.87,113.63,71.6,88,0,21.92,1603901873,AU
sangar,63.92,127.47,-2.85,91,78,6.53,1603902081,RU
hithadhoo,-0.6,73.08,83.77,72,20,11.61,1603901860,MV
ponta delgada,37.73,-25.67,66.2,59,40,8.05,1603902082,PT
jamestown,42.1,-79.24,44.56,100,90,8.05,1603901746,US
plettenberg bay,-34.05,23.37,63.59,75,85,4.65,1603902082,ZA
touros,-5.2,-35.46,86.0,58,75,18.34,1603902082,BR
bethel,41.37,-73.41,47.35,100,90,4.7,1603901870,US
andenes,69.31,16.12,33.8,63,0,8.05,1603902082,NO
leningradskiy,69.38,178.42,18.36,87,100,6.8,1603901889,RU
makakilo city,21.35,-158.09,70.5,94,20,3.36,1603901683,US
bluff,-46.6,168.33,48.0,90,92,3.0,1603901874,NZ
upernavik,72.79,-56.15,11.86,80,14,6.91,1603901861,GL
lebu,-37.62,-73.65,54.79,63,0,11.12,1603901865,CL
puerto quijarro,-17.78,-57.77,101.25,32,4,7.18,1603902083,BO
dalbandin,28.89,64.41,59.36,28,0,3.06,1603902083,PK
bealanana,-14.55,48.73,67.55,74,100,3.36,1603902083,MG
marsh harbour,26.54,-77.06,81.5,78,5,15.86,1603902083,BS
acapulco,16.86,-99.89,82.4,83,75,3.36,1603901594,MX
bredasdorp,-34.53,20.04,69.8,49,96,14.99,1603902083,ZA
chimbote,-9.09,-78.58,68.36,70,79,11.54,1603902083,PE
lar,26.2,83.97,72.79,36,0,3.24,1603902083,IN
aswan,24.09,32.91,87.64,16,0,3.8,1603902084,EG
east london,-33.02,27.91,69.8,83,90,8.05,1603901861,ZA
maceio,-9.67,-35.74,87.8,58,75,16.11,1603901922,BR
caconda,-13.73,15.07,67.71,73,98,10.8,1603902084,AO
hambantota,6.12,81.12,80.06,83,100,14.32,1603901878,LK
doctor juan manuel frutos,-25.37,-55.8,92.05,31,0,2.46,1603902084,PY
sitka,57.05,-135.33,42.8,87,90,8.05,1603901888,US
longyearbyen,78.22,15.64,30.2,86,75,3.36,1603901879,SJ
thompson,55.74,-97.86,10.4,72,75,9.17,1603901864,CA
new norfolk,-42.78,147.06,50.0,87,90,2.24,1603901861,AU
launceston,-41.45,147.17,47.88,87,90,6.93,1603901932,AU
yellowknife,62.46,-114.35,19.2,92,90,5.77,1603901856,CA
san carlos de bariloche,-41.15,-71.31,48.2,45,40,29.97,1603902066,AR
tuatapere,-46.13,167.68,48.0,90,99,3.0,1603901931,NZ
bengkulu,-3.8,102.27,76.37,86,100,3.74,1603901887,ID
los llanos de aridane,28.66,-17.92,68.92,53,75,11.41,1603901915,ES
yar-sale,66.83,70.83,4.1,89,10,10.89,1603902085,RU
kapaa,22.08,-159.32,76.48,70,8,4.41,1603901867,US
biltine,14.53,20.92,94.64,15,0,8.81,1603902085,TD
koceljeva,44.47,19.81,55.72,93,75,5.82,1603902085,RS
kalmunai,7.42,81.82,81.19,71,37,3.4,1603902085,LK
chokurdakh,70.63,147.92,1.56,94,98,7.85,1603901854,RU
bambous virieux,-20.34,57.76,73.99,74,94,5.99,1603901872,MU
severo-kurilsk,50.68,156.12,41.68,86,7,3.85,1603901866,RU
norman wells,65.28,-126.83,12.2,92,75,2.24,1603901892,CA
talikota,16.48,76.32,75.87,52,15,6.44,1603902086,IN
novobirilyussy,56.95,90.67,33.01,91,100,15.14,1603902086,RU
coquimbo,-29.95,-71.34,60.8,67,0,12.75,1603901869,CL
birin,26.89,88.07,56.34,81,0,5.35,1603902086,NP
mandalgovi,45.76,106.27,35.4,60,25,9.62,1603901911,MN
sao pedro do sul,-29.62,-54.18,78.8,41,20,6.93,1603902086,BR
feijo,-8.16,-70.35,96.01,41,95,5.28,1603902147,BR
chiredzi,-21.05,31.67,86.49,20,0,9.26,1603902147,ZW
half moon bay,37.46,-122.43,57.25,62,5,3.0,1603901879,US
payakumbuh,-0.22,100.63,69.94,88,75,3.49,1603902147,ID
klaksvik,62.23,-6.59,48.2,76,88,18.34,1603901927,FO
barghat,22.03,79.72,69.64,59,1,3.6,1603902147,IN
cabedelo,-6.98,-34.83,86.0,55,75,13.87,1603901886,BR
aklavik,68.22,-135.01,10.4,85,40,3.36,1603901882,CA
mehamn,71.04,27.85,39.2,86,40,16.11,1603901876,NO
victoria point,-27.58,153.3,64.22,91,36,5.01,1603902147,AU
nandigama,16.78,80.3,76.23,70,97,2.91,1603902147,IN
saint-philippe,-21.36,55.77,66.69,73,0,17.22,1603901873,RE
xiongzhou,25.12,114.3,68.27,78,100,2.51,1603902147,CN
senneterre,48.38,-77.23,35.6,85,90,10.29,1603902148,CA
kodiak,57.79,-152.41,33.8,80,90,3.36,1603901914,US
saldanha,-33.01,17.94,64.4,55,98,9.17,1603901863,ZA
airai,-8.93,125.41,61.05,92,74,2.48,1603901896,TL
fort-shevchenko,44.51,50.26,51.85,41,0,20.65,1603902148,KZ
luderitz,-26.65,15.16,62.13,67,37,18.84,1603901917,NA
sao filipe,14.9,-24.5,83.68,62,100,7.54,1603901872,CV
panji,-7.73,114.1,78.85,78,88,3.91,1603902148,ID
nome,64.5,-165.41,23.0,73,1,6.93,1603901989,US
hasaki,35.73,140.83,56.55,93,75,3.36,1603901867,JP
falun,60.6,15.63,45.43,93,87,9.17,1603902148,SE
boa vista,2.82,-60.67,93.2,44,75,12.75,1603902148,BR
constitucion,-35.33,-72.42,59.47,59,0,14.23,1603901877,CL
vestmannaeyjar,63.44,-20.27,44.6,65,75,38.03,1603902149,IS
bubaque,11.28,-15.83,84.27,69,15,9.6,1603901875,GW
kismayo,-0.36,42.55,80.17,82,55,9.78,1603902149,SO
svetlogorsk,52.63,29.73,49.08,83,0,7.27,1603902149,BY
tiznit,29.58,-9.5,75.87,35,42,5.99,1603901867,MA
guaiba,-30.11,-51.33,74.19,73,75,16.11,1603902149,BR
lavrentiya,65.58,-171.0,24.85,88,0,6.42,1603901902,RU
umtata,-31.59,28.78,68.0,82,75,13.87,1603902149,ZA
souillac,-20.52,57.52,73.99,74,91,5.99,1603901865,MU
itarema,-2.92,-39.92,87.57,55,2,18.32,1603901919,BR
port elizabeth,-33.92,25.57,66.2,82,75,10.29,1603901858,ZA
inhambane,-23.86,35.38,80.6,69,20,6.93,1603902150,MZ
changde,29.05,111.68,61.0,20,97,5.01,1603902150,CN
saint-joseph,-21.37,55.62,68.5,73,0,17.22,1603902150,RE
ilulissat,69.22,-51.1,17.6,57,75,4.7,1603901921,GL
kulevcha,46.03,29.94,56.89,88,53,3.83,1603902150,UA
baykit,61.67,96.37,23.23,94,100,13.85,1603901885,RU
dhidhdhoo,6.88,73.1,83.3,74,23,7.94,1603902150,MV
sunagawa,43.49,141.91,49.73,100,85,3.0,1603902150,JP
karratha,-20.74,116.85,70.25,90,1,3.96,1603901935,AU
palmer,42.16,-72.33,45.23,93,90,3.36,1603901680,US
kamina,-8.74,24.99,72.57,85,95,4.12,1603902150,CD
mega,4.05,38.3,64.18,85,53,12.44,1603902150,ET
ulaangom,49.98,92.07,26.74,91,0,3.15,1603902150,MN
safranbolu,41.25,32.69,61.34,77,23,3.49,1603902150,TR
cherskiy,68.75,161.3,5.04,94,94,7.61,1603901867,RU
clyde river,70.47,-68.59,15.8,72,75,19.46,1603901885,CA
tucuman,-26.82,-65.22,89.6,29,0,11.41,1603901999,AR
lorengau,-2.02,147.27,80.78,77,88,3.36,1603901910,PG
ponta do sol,32.67,-17.1,68.95,64,40,9.17,1603901871,PT
pontal do parana,-25.65,-48.51,82.4,23,0,16.11,1603902211,BR
mittagong,-34.45,150.45,58.69,88,100,1.01,1603902211,AU
barranca,-10.75,-77.77,68.25,68,99,9.19,1603902211,PE
tuktoyaktuk,69.45,-133.04,19.4,92,90,17.22,1603901881,CA
zhigansk,66.77,123.37,-8.91,91,48,5.48,1603901918,RU
isangel,-19.55,169.27,72.27,77,5,12.44,1603902211,VU
saint-denis,48.92,2.33,55.6,82,100,14.99,1603902211,FR
puerto ayora,-0.74,-90.35,71.22,78,75,6.93,1603901868,EC
chuy,-33.7,-53.46,71.04,79,97,8.25,1603901880,UY
chulumani,-16.41,-67.53,88.79,19,6,4.45,1603902212,BO
coihaique,-45.58,-72.07,50.0,46,75,9.17,1603901874,CL
birjand,32.87,59.22,55.4,30,0,9.17,1603902212,IR
makasar,-5.14,119.42,78.8,78,20,4.9,1603902212,ID
huambo,-12.78,15.74,77.0,57,75,5.82,1603902212,AO
harper,4.38,-7.72,81.16,78,80,7.16,1603901866,LR
barrow,71.29,-156.79,24.8,68,75,11.41,1603901872,US
pangnirtung,66.15,-65.71,19.4,57,90,5.82,1603901896,CA
cap-aux-meules,47.38,-61.86,35.6,51,75,9.17,1603901931,CA
san cristobal,7.77,-72.22,80.6,88,40,2.24,1603902030,VE
majene,-3.54,118.97,80.4,78,55,4.09,1603902212,ID
ola,59.58,151.28,30.02,87,0,4.0,1603902213,RU
coos bay,43.37,-124.22,45.36,100,1,5.93,1603901623,US
shache,38.42,77.24,45.55,48,100,5.1,1603902213,CN
belaya gora,68.53,146.42,2.17,93,100,1.92,1603902213,RU
itoman,26.12,127.67,71.51,73,20,8.05,1603902213,JP
arraial do cabo,-22.97,-42.03,89.35,62,0,9.17,1603901903,BR
havelock,34.88,-76.9,75.06,73,1,5.82,1603901869,US
naifaru,5.44,73.37,83.05,73,81,7.2,1603902213,MV
jalu,29.03,21.55,79.21,38,0,10.92,1603901916,LY
muli,2.92,73.57,83.28,76,92,13.29,1603902213,MV
rawson,-43.3,-65.1,58.5,35,70,25.08,1603902213,AR
beloha,-25.17,45.05,70.72,77,0,20.78,1603902213,MG
port lincoln,-34.73,135.87,61.61,62,82,10.58,1603901896,AU
sabinas hidalgo,26.5,-100.17,54.19,39,1,5.91,1603902214,MX
karasjok,69.47,25.51,24.8,92,0,3.36,1603901648,NO
kosa,59.94,55.0,34.25,89,83,9.28,1603902214,RU
kaitangata,-46.28,169.85,51.01,84,93,11.01,1603901874,NZ
abu samrah,35.3,37.18,76.28,27,77,4.21,1603901909,SY
ostrovnoy,68.05,39.51,38.91,89,100,11.7,1603901918,RU
kouroussa,10.65,-9.88,90.75,30,84,4.68,1603902214,GN
yeppoon,-23.13,150.73,64.4,93,40,5.53,1603901893,AU
bonfim,3.08,-59.95,95.4,41,51,5.1,1603902214,BR
kuching,1.55,110.33,77.0,94,20,2.24,1603902174,MY
broken hill,-31.95,141.43,59.0,54,0,3.36,1603902214,AU
nanortalik,60.14,-45.24,32.56,95,100,12.17,1603902215,GL
grindavik,63.84,-22.43,44.6,52,0,23.04,1603901880,IS
san patricio,28.02,-97.52,48.74,100,90,18.34,1603901893,US
talnakh,69.49,88.4,-2.65,76,0,4.18,1603902215,RU
santa fe,-31.63,-60.7,78.96,21,32,11.99,1603901779,AR
chemal,51.41,86.0,32.56,86,75,5.06,1603902215,RU
vanavara,60.34,102.28,23.41,97,100,15.12,1603901900,RU
cabo rojo,18.09,-67.15,86.7,70,71,1.99,1603902092,PR
southbridge,42.08,-72.03,44.76,97,100,3.56,1603902273,US
portland,45.52,-122.68,42.4,93,90,4.7,1603901800,US
houma,29.6,-90.72,78.3,94,75,13.87,1603902060,US
tobermory,45.25,-81.67,42.01,71,20,13.0,1603902275,CA
marang,5.21,103.21,80.56,83,100,2.93,1603902276,MY
gorontalo,0.54,123.06,75.9,88,36,2.15,1603901929,ID
mount isa,-20.73,139.5,55.4,35,0,8.34,1603901882,AU
alekseyevka,50.63,38.69,46.27,57,0,7.99,1603902276,RU
yining,29.04,114.56,61.32,83,99,2.71,1603902276,CN
pekalongan,-6.89,109.68,61.0,80,91,0.94,1603902276,ID
lappeenranta,61.06,28.19,46.17,93,75,4.7,1603902276,FI
whitehorse,60.72,-135.05,25.77,92,75,2.24,1603901704,CA
arlit,18.74,7.39,93.45,10,0,8.1,1603902276,NE
bowen,-20.02,148.23,68.0,88,0,1.12,1603902277,AU
krynychky,48.38,34.47,48.2,87,0,11.18,1603902277,UA
ca mau,9.18,105.15,77.56,88,100,6.46,1603901791,VN
ambilobe,-13.2,49.05,79.12,66,59,1.57,1603902277,MG
visnes,59.36,5.22,49.75,81,75,27.51,1603902277,NO
calvinia,-31.47,19.78,71.98,27,32,13.71,1603902277,ZA
victoria,22.29,114.16,71.42,82,100,5.99,1603901704,HK
margate,51.38,1.39,51.67,83,100,3.0,1603901922,GB
miri,4.41,114.01,78.4,94,40,1.12,1603902163,MY
leshukonskoye,64.9,45.76,43.57,92,100,13.71,1603902277,RU
belmonte,-15.86,-38.88,84.2,70,75,21.92,1603901872,BR
kachiry,53.07,76.1,28.18,90,97,13.67,1603902278,KZ
hamilton,39.18,-84.53,50.65,81,90,4.7,1603901911,US
madimba,-10.4,40.33,82.4,65,20,11.41,1603902278,TZ
cardinal,44.78,-75.38,41.34,81,90,9.17,1603902278,CA
aligudarz,33.4,49.69,54.63,35,0,6.46,1603902278,IR
kralendijk,12.15,-68.27,87.8,66,40,12.75,1603902278,BQ
saskylakh,71.92,114.08,5.11,91,100,13.44,1603901859,RU
escanaba,45.75,-87.06,42.46,52,1,14.99,1603902278,US
taltal,-25.4,-70.48,63.81,59,13,7.61,1603901919,CL
fairbanks,64.84,-147.72,19.17,92,40,3.36,1603902278,US
sorland,67.67,12.69,45.72,81,75,9.17,1603901898,NO
zaysan,47.47,84.87,35.92,73,0,8.37,1603902279,KZ
krasnoborsk,61.56,45.93,44.94,86,100,14.52,1603902279,RU
veraval,20.9,70.37,80.96,65,0,7.25,1603902279,IN
yakeshi,49.28,120.73,20.14,89,0,3.31,1603902279,CN
manokwari,-0.87,134.08,79.47,77,74,5.48,1603902279,ID
tigre,-34.43,-58.58,66.97,49,0,11.41,1603902280,AR
pisco,-13.7,-76.22,66.0,82,0,9.17,1603901890,PE
kloulklubed,7.04,134.26,77.0,94,75,12.46,1603902280,PW
cairns,-16.92,145.77,74.08,78,7,2.24,1603902149,AU
lyubech,51.7,30.66,48.06,71,0,7.27,1603902280,UA
nakhon si thammarat,8.25,100.0,78.66,78,100,5.57,1603902280,TH
havre-saint-pierre,50.23,-63.6,28.4,58,20,6.93,1603902281,CA
namtsy,62.72,129.67,5.0,84,20,4.47,1603902281,RU
thunder bay,48.4,-89.32,36.25,74,90,6.93,1603901875,CA
aasiaat,68.71,-52.87,13.35,93,62,6.89,1603902281,GL
jinchang,38.5,102.17,45.97,54,0,7.49,1603902281,CN
kaduqli,11.02,29.72,88.66,27,27,4.38,1603902282,SD
nadterechnoye,43.62,45.34,55.4,87,0,6.71,1603902342,RU
alyangula,-13.85,136.42,77.0,88,0,5.82,1603901920,AU
camacha,33.08,-16.33,68.0,77,20,10.29,1603902342,PT
damietta,31.42,31.81,78.8,74,0,10.29,1603902342,EG
podosinovets,60.28,47.07,40.33,84,100,12.39,1603902342,RU
uarini,-2.99,-65.11,87.8,74,40,4.7,1603902342,BR
huilong,31.81,121.66,64.99,88,99,1.01,1603902342,CN
djenne,13.91,-4.55,97.75,9,97,14.23,1603902342,ML
mananjary,-21.22,48.33,73.69,84,0,6.2,1603902342,MG
acari,-15.43,-74.62,74.86,50,59,10.07,1603902343,PE
zlotow,53.36,17.04,48.0,88,100,5.01,1603902343,PL
zyryanka,65.75,150.85,3.87,91,98,1.3,1603902343,RU
los andes,-32.83,-70.6,66.0,95,0,1.01,1603902343,CL
cao bang,22.67,106.25,73.04,73,100,4.34,1603901932,VN
kruisfontein,-34.0,24.73,66.0,82,98,1.01,1603901864,ZA
cordoba,-31.41,-64.18,50.0,87,90,33.33,1603902263,AR
blackfoot,43.19,-112.34,31.75,58,1,2.91,1603902343,US
nong phai,15.99,101.06,75.78,91,100,4.0,1603902343,TH
nuuk,64.18,-51.72,23.0,67,40,5.82,1603901894,GL
raton,36.9,-104.44,33.28,78,90,26.4,1603902343,US
the pas,53.83,-101.25,19.4,79,90,9.17,1603902343,CA
raudeberg,61.99,5.14,51.01,65,44,16.2,1603901922,NO
mabopane,-25.5,28.1,86.0,27,0,8.05,1603902343,ZA
narok,-1.08,35.86,65.62,64,72,12.46,1603902343,KE
lompoc,34.64,-120.46,51.8,56,1,8.05,1603901891,US
dicabisagan,17.08,122.42,78.93,83,98,3.18,1603902344,PH
pandan,14.05,124.17,80.65,82,58,3.49,1603902344,PH
truth or consequences,33.13,-107.25,33.28,91,90,6.93,1603901865,US
west wendover,40.74,-114.07,35.6,43,1,5.82,1603902344,US
grenada,37.19,-3.61,71.02,31,0,3.36,1603902179,ES
yuryev-polskiy,56.5,39.68,42.08,78,0,13.0,1603902344,RU
wuwei,37.93,102.64,46.99,72,0,3.02,1603902344,CN
ginir,7.13,40.7,59.23,77,22,3.04,1603902344,ET
mackay,-21.15,149.2,68.23,88,39,1.12,1603902344,AU
kahului,20.89,-156.47,71.55,83,1,4.7,1603901855,US
grand-lahou,5.14,-5.02,79.41,81,88,4.83,1603902345,CI
yerbogachen,61.28,108.01,17.31,90,67,11.36,1603902281,RU
gushi,34.64,109.58,53.1,72,37,4.59,1603902345,CN
accra,5.56,-0.2,77.0,88,75,8.05,1603902345,GH
kailua,21.4,-157.74,72.09,83,40,6.11,1603902343,US
kankon,15.02,74.02,79.56,74,48,5.03,1603902345,IN
byron bay,-28.65,153.62,62.08,93,63,5.77,1603902345,AU
henderson,36.04,-114.98,55.96,17,1,3.18,1603902223,US
kavaratti,10.57,72.64,82.2,75,1,6.29,1603901898,IN
berdigestyakh,62.1,126.7,2.8,92,97,4.94,1603902345,RU
coahuayana,18.73,-103.68,78.8,78,20,0.81,1603902345,MX
jega,12.22,4.38,95.54,17,0,4.63,1603902345,NG
altay,47.87,88.12,33.84,80,9,2.44,1603902345,CN
praia da vitoria,38.73,-27.07,69.46,60,40,13.69,1603901922,PT
kattivakkam,13.22,80.32,79.84,80,21,14.0,1603902346,IN
kerman,30.28,57.08,59.0,16,0,6.93,1603902346,IR
muros,42.78,-9.06,62.01,76,90,3.0,1603902346,ES
lasa,46.62,10.7,46.08,70,5,3.36,1603901904,IT
bathsheba,13.22,-59.52,78.8,94,40,10.29,1603901891,BB
manitouwadge,49.12,-85.84,30.2,92,90,3.36,1603902346,CA
conde,-7.26,-34.91,86.0,55,75,13.87,1603901914,BR
san luis,-33.3,-66.34,57.85,51,32,23.67,1603902390,AR
ostersund,63.18,14.64,42.4,93,75,12.75,1603902406,SE
matadi,-5.82,13.45,84.18,67,92,10.4,1603902406,CD
daru,-9.08,143.21,76.01,89,93,1.99,1603902406,PG
ust-kuyga,70.02,135.6,-6.02,90,83,4.94,1603902407,RU
ukiah,39.15,-123.21,51.62,56,1,2.28,1603902254,US
merauke,-8.47,140.33,78.76,72,100,3.38,1603901937,ID
abha,18.22,42.51,68.0,14,20,9.17,1603902407,SA
pestretsy,55.75,49.65,32.0,90,0,8.95,1603902407,RU
alofi,-19.06,-169.92,71.6,83,51,11.41,1603901922,NU
hualmay,-11.1,-77.61,69.82,65,77,9.86,1603901866,PE
rocha,-34.48,-54.33,66.36,86,99,12.57,1603901864,UY
henties bay,-22.12,14.28,61.0,83,1,8.99,1603901910,NA
bom jesus,-9.07,-44.36,98.02,32,70,4.25,1603902407,BR
richards bay,-28.78,32.04,79.92,64,0,16.8,1603901901,ZA
kuala lipis,4.18,102.05,76.08,87,100,0.45,1603902225,MY
bemidji,47.47,-94.88,36.75,93,90,14.99,1603902398,US
chaman,30.92,66.45,50.36,36,0,4.07,1603902408,PK
beringovskiy,63.05,179.32,25.9,95,41,13.67,1603901884,RU
amot,59.57,7.99,48.7,76,75,9.17,1603902408,NO
aras,42.56,-2.36,68.0,49,20,3.36,1603902408,ES
jumla,29.27,82.18,46.89,64,7,3.56,1603901929,NP
fortuna,40.6,-124.16,50.0,57,1,9.17,1603902408,US
teonthar,24.98,81.65,74.3,34,0,3.69,1603902408,IN
safonovo,55.15,33.22,44.4,85,0,7.23,1603902408,RU
liverpool,53.41,-2.98,50.67,71,40,11.41,1603902409,GB
poum,-20.23,164.02,75.9,79,44,18.19,1603901918,NC
hirna,9.22,41.1,61.16,31,0,5.5,1603902409,ET
lang son,21.83,106.73,69.42,89,100,8.08,1603902138,VN
sao felix do xingu,-6.64,-51.99,92.97,44,93,2.57,1603902409,BR
siguiri,11.67,-9.5,93.67,16,0,5.17,1603902409,GN
buenos aires,-34.61,-58.38,67.89,43,0,5.82,1603902279,AR
george,-33.96,22.46,59.0,93,75,3.36,1603902409,ZA
patiya,22.29,91.98,82.4,88,75,2.59,1603902409,BD
karia,11.73,11.16,93.16,18,0,5.95,1603902409,NG
oparino,59.85,48.28,37.2,84,94,13.27,1603902409,RU
chapais,49.78,-74.85,32.0,98,90,13.87,1603902410,CA
kaa-khem,51.68,94.73,32.86,87,87,3.71,1603902125,RU
fenoarivo atsinanana,-17.37,49.42,78.8,83,75,9.17,1603902410,MG
beidao,34.57,105.89,35.01,80,7,4.0,1603901659,CN
mayahi,13.96,7.67,93.69,13,0,3.74,1603902410,NE
stavern,59.0,10.03,49.08,81,40,13.87,1603902410,NO
vao,-22.67,167.48,71.74,78,76,16.82,1603901905,NC
enid,36.4,-97.88,32.95,99,90,4.7,1603902286,US
phayao,19.25,100.25,71.11,86,100,1.05,1603902410,TH
vanderhoof,54.02,-124.02,33.26,94,100,0.94,1603901703,CA
iquitos,-3.75,-73.25,86.0,74,75,5.82,1603902410,PE
ust-tsilma,65.44,52.15,40.05,93,100,9.4,1603902410,RU
moctezuma,29.8,-109.67,55.54,38,0,8.75,1603902410,MX
rafaela,-31.25,-61.49,77.81,25,55,7.0,1603902411,AR
westport,41.14,-73.36,49.53,93,90,10.29,1603901911,US
mechanicsville,37.61,-77.37,70.77,78,90,11.41,1603902411,US
avera,33.19,-82.53,77.59,88,90,8.05,1603902471,US
sao joao da barra,-21.64,-41.05,89.6,59,20,13.87,1603901909,BR
borovoy,55.43,86.08,28.4,92,90,13.42,1603902471,RU
marawi,8.0,124.29,72.0,91,52,5.99,1603902471,PH
buala,-8.14,159.59,80.31,79,81,2.89,1603901893,SB
morondava,-20.28,44.28,79.7,77,0,14.99,1603902471,MG
riohacha,11.54,-72.91,88.39,64,9,10.94,1603902471,CO
broome,42.25,-75.83,47.08,93,90,8.05,1603901889,US
khani,41.96,42.96,71.6,40,0,24.16,1603902472,GE
lagoa,39.05,-27.98,63.7,70,2,9.93,1603902472,PT
road town,18.42,-64.62,81.3,70,75,13.87,1603902472,VG
wucheng,29.6,118.17,57.99,88,25,2.77,1603902472,CN
namatanai,-3.67,152.43,79.47,81,56,4.21,1603901913,PG
gangarampur,25.4,88.52,75.11,68,0,3.22,1603902472,IN
pihuamo,19.25,-103.38,78.8,78,20,0.76,1603902472,MX
limoges,45.75,1.33,54.79,87,75,8.05,1603902472,FR
kande,9.96,1.04,91.4,22,0,4.7,1603902472,TG
khyriv,49.53,22.85,51.08,74,100,5.99,1603902472,UA
hay river,60.82,-115.8,12.2,85,75,3.36,1603902473,CA
fernandina beach,30.67,-81.46,82.33,83,40,9.17,1603902410,US
laguna,38.42,-121.42,53.04,62,1,2.3,1603902473,US
fonte boa,-2.5,-66.27,93.97,50,76,4.14,1603902473,BR
sawakin,19.11,37.33,84.9,67,0,6.51,1603902473,SD
panama city,8.99,-79.52,85.26,74,20,3.36,1603901639,PA
bartica,6.4,-58.62,91.4,55,75,4.7,1603901913,GY
cap malheureux,-19.98,57.61,73.99,74,95,5.99,1603901919,MU
smithers,54.78,-127.17,32.0,83,90,0.81,1603901934,CA
college,64.86,-147.8,16.9,85,40,3.36,1603902473,US
batagay,67.63,134.63,0.72,92,100,1.95,1603902474,RU
molteno,-31.4,26.36,79.25,25,81,14.03,1603902474,ZA
cayenne,4.93,-52.33,89.6,59,40,11.41,1603901883,GF
tiszafured,47.62,20.77,57.2,82,100,2.24,1603902474,HU
garowe,8.41,48.48,86.22,29,12,6.82,1603902474,SO
port moresby,-9.44,147.18,74.68,93,100,2.93,1603901890,PG
la palma,33.85,-118.05,63.19,33,1,5.82,1603902474,US
korla,41.76,86.15,47.16,48,97,3.83,1603902474,CN
cervo,43.67,-7.41,62.01,72,62,5.99,1603902474,ES
clinton,42.59,-82.92,47.28,57,20,11.41,1603902411,US
newry,54.18,-6.34,48.99,74,51,8.99,1603902474,GB
butembo,0.15,29.28,61.99,99,96,2.35,1603902475,CD
kutum,14.2,24.67,85.32,18,62,14.25,1603901918,SD
simplicio mendes,-7.85,-41.91,96.57,36,97,1.81,1603902475,BR
namibe,-15.2,12.15,71.98,79,72,12.93,1603902475,AO
linxia,35.6,103.21,38.1,77,0,1.45,1603902475,CN
narsaq,60.92,-46.05,32.0,90,75,3.2,1603901891,GL
biak,-0.91,122.88,77.52,81,45,2.51,1603902475,ID
khilok,51.37,110.47,30.29,88,2,3.76,1603902475,RU
rajgir,25.03,85.42,68.0,82,0,4.72,1603902475,IN
banka,24.88,86.92,72.54,47,0,6.96,1603902475,IN
zemio,5.03,25.14,75.58,88,96,3.31,1603902476,CF
salta,-24.79,-65.41,86.0,30,20,8.05,1603902476,AR
hauterive,46.09,3.45,58.19,58,40,14.99,1603902476,FR
khandyga,62.67,135.6,12.47,96,100,1.14,1603901909,RU
elizabeth city,36.29,-76.25,71.85,78,75,9.17,1603902190,US
manta,-0.95,-80.73,80.6,69,40,6.93,1603902348,EC
mouzouras,35.53,24.15,62.6,88,75,5.82,1603902536,GR
rudbar,30.15,62.6,64.83,29,0,18.59,1603902536,AF
addanki,15.82,79.98,77.85,78,100,2.1,1603902537,IN
gigmoto,13.78,124.39,80.42,82,38,4.23,1603902537,PH
nancha,47.13,129.27,29.88,90,9,3.44,1603902537,CN
kastamonu,41.5,33.67,62.46,55,75,4.05,1603902537,TR
jepelacio,-6.12,-76.95,81.66,54,100,3.42,1603902537,PE
uyuni,-20.46,-66.83,54.91,24,0,15.61,1603902537,BO
palembang,-2.92,104.75,76.96,92,86,3.02,1603902416,ID
chalmette,29.94,-89.96,79.27,94,90,12.75,1603902537,US
ngaoundere,7.32,13.58,73.71,61,97,5.53,1603902538,CM
little current,45.98,-81.92,41.52,69,90,18.34,1603902538,CA
scarborough,54.28,-0.4,47.39,76,76,5.99,1603902538,GB
guapore,-28.85,-51.89,79.21,16,0,5.01,1603902538,BR
nanakuli,21.39,-158.15,70.38,94,1,3.36,1603902538,US
liuli,-11.08,34.63,81.7,56,17,13.09,1603902538,TZ
roald,62.58,6.13,45.66,81,40,3.36,1603902538,NO
manono,-7.3,27.42,79.84,69,94,3.22,1603902538,CD
aban,56.67,96.06,35.92,78,100,12.82,1603902538,RU
aleksandrovskoye,44.71,43.0,52.39,81,70,6.71,1603902538,RU
springfield,37.22,-93.3,45.21,93,90,4.7,1603902539,US
drobak,59.66,10.63,46.99,1,52,3.0,1603902539,NO
vereya,55.34,36.17,45.0,75,0,8.01,1603902539,RU
matagami,49.75,-77.63,32.0,97,90,8.05,1603902539,CA
solnechnyy,50.72,136.63,31.21,97,100,4.83,1603902539,RU
katsuura,35.13,140.3,65.12,77,75,9.17,1603902539,JP
tchibanga,-2.85,11.03,70.99,98,100,2.3,1603902539,GA
bandarbeyla,9.49,50.81,77.94,81,51,9.73,1603902539,SO
medicine hat,50.05,-110.67,37.15,86,90,4.7,1603902447,CA
nantucket,41.28,-70.1,51.44,87,90,14.99,1603902281,US
nizwa,22.93,57.53,72.88,24,0,3.27,1603902539,OM
kupang,-10.17,123.58,81.14,76,100,8.81,1603902540,ID
tezu,27.92,96.17,73.04,58,0,3.87,1603902540,IN
perez,-33.0,-60.77,65.32,68,75,28.86,1603902540,AR
pahrump,36.21,-115.98,55.94,23,0,1.07,1603902540,US
adrar,20.5,-10.07,92.79,13,0,12.17,1603902540,MR
sokolovskoye,45.26,40.68,60.08,67,0,11.39,1603902540,RU
stokmarknes,68.56,14.91,38.82,93,0,5.82,1603902540,NO
hearst,49.68,-83.67,33.04,91,100,8.9,1603902540,CA
hanzhong,33.07,107.03,51.69,78,89,1.32,1603902540,CN
eenhana,-17.47,16.33,104.0,13,20,11.41,1603902541,NA
kayerkan,69.35,87.76,1.11,78,0,5.61,1603902541,RU
melur,10.05,78.33,79.41,70,5,3.76,1603902541,IN
biskamzha,53.45,89.53,27.46,94,61,14.16,1603902541,RU
roebourne,-20.78,117.13,70.32,90,1,4.76,1603902541,AU
sava,40.4,17.56,64.47,72,20,18.34,1603902541,IT
padang,-0.95,100.35,78.37,72,80,4.07,1603902541,ID
alibag,18.64,72.88,80.58,73,0,3.42,1603902541,IN
goderich,43.75,-81.72,44.53,67,25,20.13,1603902542,CA
cabo san lucas,22.89,-109.91,74.77,64,75,5.82,1603902308,MX
nabire,-3.37,135.48,76.68,85,99,3.4,1603902542,ID
kigoma,-4.88,29.63,80.6,69,40,1.12,1603902542,TZ
santa cruz,-17.8,-63.17,88.48,52,40,28.86,1603902542,BO
mankono,8.06,-6.19,88.41,49,18,3.91,1603902542,CI
mugur-aksy,50.35,90.5,24.62,85,0,4.94,1603902542,RU
kyren,51.68,102.14,35.51,74,57,4.5,1603902603,RU
omboue,-1.57,9.26,75.69,93,100,6.29,1603902603,GA
bud,39.45,-86.18,48.06,87,90,1.43,1603902489,US
damaturu,11.75,11.96,88.99,18,13,10.78,1603902603,NG
ginda,30.69,78.49,51.37,44,0,5.35,1603902603,IN
alice springs,-23.7,133.88,60.8,21,0,7.61,1603902462,AU
faanui,-16.48,-151.75,80.02,80,88,18.1,1603902603,PF
morozovsk,48.35,41.83,47.07,54,43,14.7,1603902603,RU
port-cartier,50.03,-66.87,26.98,79,90,3.36,1603902604,CA
manicore,-5.81,-61.3,87.8,66,0,4.7,1603902605,BR
nove hrady,48.79,14.78,47.16,75,100,3.0,1603902605,CZ
chor,25.52,69.77,81.14,24,0,9.19,1603902605,PK
kyra,49.58,111.98,29.73,85,14,1.68,1603902605,RU
ishigaki,24.34,124.16,77.63,77,24,17.6,1603902606,JP
hofn,64.25,-15.21,42.8,81,90,12.75,1603902606,IS
awbari,26.59,12.78,73.81,28,0,9.19,1603902606,LY
alugan,12.22,125.48,80.56,82,4,6.04,1603902607,PH
tabanan,-8.54,115.13,80.6,88,75,2.24,1603902607,ID
finnsnes,69.23,17.98,19.4,92,0,3.36,1603902607,NO
aripuana,-9.17,-60.63,96.93,38,91,4.34,1603902608,BR
shaowu,27.34,117.48,67.23,84,97,2.08,1603902608,CN
morgan city,29.7,-91.21,78.55,94,90,16.11,1603902608,US
sahuaripa,29.05,-109.23,61.95,26,0,4.41,1603902608,MX
wuchi,29.38,103.02,43.48,98,100,1.36,1603902608,CN
uyemskiy,64.47,40.85,42.8,93,90,22.37,1603902608,RU
tateyama,34.98,139.87,66.0,53,90,5.01,1603902609,JP
brunico,46.8,11.94,38.86,75,20,1.54,1603902609,IT
dromolaxia,34.88,33.59,74.3,64,20,11.41,1603902609,CY
alekseyevsk,57.84,108.35,22.8,96,93,4.76,1603902610,RU
flin flon,54.77,-101.86,15.8,66,90,9.17,1603902604,CA
bassila,9.01,1.67,83.03,49,17,2.15,1603902610,BJ
iranshahr,27.2,60.68,78.8,7,0,9.17,1603902610,IR
paamiut,61.99,-49.67,28.27,88,100,12.19,1603902610,GL
sjovegan,68.87,17.85,20.66,92,0,3.36,1603902610,NO
bairiki,1.33,172.98,77.0,88,20,5.32,1603902610,KI
fukue,32.69,128.84,67.62,65,27,14.32,1603902611,JP
porto novo,6.5,2.6,84.2,79,20,11.41,1603902611,BJ
shenxian,36.24,115.67,56.55,35,94,0.51,1603902611,CN
banjar,-8.19,114.97,80.6,88,75,2.24,1603902611,ID
vila velha,-20.33,-40.29,84.97,70,20,19.46,1603902611,BR
port hawkesbury,45.62,-61.35,42.28,56,75,10.29,1603902611,CA
kharitonovo,61.4,47.5,42.96,88,100,13.53,1603902612,RU
luoyang,34.68,112.45,51.55,71,87,2.8,1603902612,CN
